﻿<?xml version="1.0" encoding="utf-8"?><ManagementPack ContentReadable="true" xmlns:xsd="http://www.w3.org/2001/XMLSchema" xmlns:xsl="http://www.w3.org/1999/XSL/Transform">
  <Manifest>
    <Identity>
      <ID>IBMMQOverrides</ID>
      <Version>1.0.0.0</Version>
    </Identity>
    <Name>IBM.MQ.Overrides</Name>
    <References>
      <Reference Alias="MQ">
        <ID>IBM.MQ</ID>
        <Version>3.0.0.2</Version>
        <PublicKeyToken>65be804d57f1204d</PublicKeyToken>
      </Reference>
      <Reference Alias="MicrosoftSystemCenterInstanceGroupLibrary6172210">
        <ID>Microsoft.SystemCenter.InstanceGroup.Library</ID>
        <Version>6.1.7221.0</Version>
        <PublicKeyToken>31bf3856ad364e35</PublicKeyToken>
      </Reference>
      <Reference Alias="SystemLibrary6172210">
        <ID>System.Library</ID>
        <Version>6.1.7221.0</Version>
        <PublicKeyToken>31bf3856ad364e35</PublicKeyToken>
      </Reference>
      <Reference Alias="SystemCenter">
        <ID>Microsoft.SystemCenter.Library</ID>
        <Version>6.1.7221.81</Version>
        <PublicKeyToken>31bf3856ad364e35</PublicKeyToken>
      </Reference>
    </References>
  </Manifest>
  <TypeDefinitions>
    <EntityTypes>
      <ClassTypes>
        <ClassType ID="UINameSpacedabc00dbbf714070acbad6dc15159f00.Group" Accessibility="Public" Abstract="false" Base="MicrosoftSystemCenterInstanceGroupLibrary6172210!Microsoft.SystemCenter.InstanceGroup" Hosted="false" Singleton="true" />
        <ClassType ID="UINameSpace87faa406aa1c497c92b1b42c73822719.Group" Accessibility="Public" Abstract="false" Base="MicrosoftSystemCenterInstanceGroupLibrary6172210!Microsoft.SystemCenter.InstanceGroup" Hosted="false" Singleton="true" />
        <ClassType ID="UINameSpacef08b3242cf8c4593acbae05870fe9a8a.Group" Accessibility="Public" Abstract="false" Base="MicrosoftSystemCenterInstanceGroupLibrary6172210!Microsoft.SystemCenter.InstanceGroup" Hosted="false" Singleton="true" />
        <ClassType ID="UINameSpaced7b0a2a516e24d5e8d3508b07d2a9a2f.Group" Accessibility="Public" Abstract="false" Base="MicrosoftSystemCenterInstanceGroupLibrary6172210!Microsoft.SystemCenter.InstanceGroup" Hosted="false" Singleton="true" />
      </ClassTypes>
    </EntityTypes>
  </TypeDefinitions>
  <Monitoring>
    <Discoveries>
      <Discovery ID="UINameSpacedabc00dbbf714070acbad6dc15159f00.Group.DiscoveryRule" Enabled="true" Target="UINameSpacedabc00dbbf714070acbad6dc15159f00.Group" ConfirmDelivery="false" Remotable="true" Priority="Normal">
        <Category>Discovery</Category>
        <DiscoveryTypes>
          <DiscoveryRelationship TypeID="MicrosoftSystemCenterInstanceGroupLibrary6172210!Microsoft.SystemCenter.InstanceGroupContainsEntities" />
        </DiscoveryTypes>
        <DataSource ID="GroupPopulationDataSource" TypeID="SystemCenter!Microsoft.SystemCenter.GroupPopulator">
          <RuleId>$MPElement$</RuleId>
          <GroupInstanceId>$MPElement[Name="UINameSpacedabc00dbbf714070acbad6dc15159f00.Group"]$</GroupInstanceId>
          <MembershipRules>
            <MembershipRule Comment="EMPTY_RULE_8eadaced-59c8-4ebc-a4e4-b8428a374442">
              <MonitoringClass>$MPElement[Name="SystemLibrary6172210!System.Entity"]$</MonitoringClass>
              <RelationshipClass>$MPElement[Name="MicrosoftSystemCenterInstanceGroupLibrary6172210!Microsoft.SystemCenter.InstanceGroupContainsEntities"]$</RelationshipClass>
              <Expression>
                <SimpleExpression>
                  <ValueExpression>
                    <Value>True</Value>
                  </ValueExpression>
                  <Operator>Equal</Operator>
                  <ValueExpression>
                    <Value>False</Value>
                  </ValueExpression>
                </SimpleExpression>
              </Expression>
            </MembershipRule>
          </MembershipRules>
        </DataSource>
      </Discovery>
      <Discovery ID="UINameSpace87faa406aa1c497c92b1b42c73822719.Group.DiscoveryRule" Enabled="true" Target="UINameSpace87faa406aa1c497c92b1b42c73822719.Group" ConfirmDelivery="false" Remotable="true" Priority="Normal">
        <Category>Discovery</Category>
        <DiscoveryTypes>
          <DiscoveryRelationship TypeID="MicrosoftSystemCenterInstanceGroupLibrary6172210!Microsoft.SystemCenter.InstanceGroupContainsEntities" />
        </DiscoveryTypes>
        <DataSource ID="GroupPopulationDataSource" TypeID="SystemCenter!Microsoft.SystemCenter.GroupPopulator">
          <RuleId>$MPElement$</RuleId>
          <GroupInstanceId>$MPElement[Name="UINameSpace87faa406aa1c497c92b1b42c73822719.Group"]$</GroupInstanceId>
          <MembershipRules>
            <MembershipRule Comment="EMPTY_RULE_8eadaced-59c8-4ebc-a4e4-b8428a374442">
              <MonitoringClass>$MPElement[Name="SystemLibrary6172210!System.Entity"]$</MonitoringClass>
              <RelationshipClass>$MPElement[Name="MicrosoftSystemCenterInstanceGroupLibrary6172210!Microsoft.SystemCenter.InstanceGroupContainsEntities"]$</RelationshipClass>
              <Expression>
                <SimpleExpression>
                  <ValueExpression>
                    <Value>True</Value>
                  </ValueExpression>
                  <Operator>Equal</Operator>
                  <ValueExpression>
                    <Value>False</Value>
                  </ValueExpression>
                </SimpleExpression>
              </Expression>
            </MembershipRule>
          </MembershipRules>
        </DataSource>
      </Discovery>
      <Discovery ID="UINameSpacef08b3242cf8c4593acbae05870fe9a8a.Group.DiscoveryRule" Enabled="true" Target="UINameSpacef08b3242cf8c4593acbae05870fe9a8a.Group" ConfirmDelivery="false" Remotable="true" Priority="Normal">
        <Category>Discovery</Category>
        <DiscoveryTypes>
          <DiscoveryRelationship TypeID="MicrosoftSystemCenterInstanceGroupLibrary6172210!Microsoft.SystemCenter.InstanceGroupContainsEntities" />
        </DiscoveryTypes>
        <DataSource ID="GroupPopulationDataSource" TypeID="SystemCenter!Microsoft.SystemCenter.GroupPopulator">
          <RuleId>$MPElement$</RuleId>
          <GroupInstanceId>$MPElement[Name="UINameSpacef08b3242cf8c4593acbae05870fe9a8a.Group"]$</GroupInstanceId>
          <MembershipRules>
            <MembershipRule Comment="EMPTY_RULE_8eadaced-59c8-4ebc-a4e4-b8428a374442">
              <MonitoringClass>$MPElement[Name="SystemCenter!Microsoft.SystemCenter.AllComputersGroup"]$</MonitoringClass>
              <RelationshipClass>$MPElement[Name="MicrosoftSystemCenterInstanceGroupLibrary6172210!Microsoft.SystemCenter.InstanceGroupContainsEntities"]$</RelationshipClass>
              <Expression>
                <SimpleExpression>
                  <ValueExpression>
                    <Value>True</Value>
                  </ValueExpression>
                  <Operator>Equal</Operator>
                  <ValueExpression>
                    <Value>False</Value>
                  </ValueExpression>
                </SimpleExpression>
              </Expression>
            </MembershipRule>
          </MembershipRules>
        </DataSource>
      </Discovery>
      <Discovery ID="UINameSpaced7b0a2a516e24d5e8d3508b07d2a9a2f.Group.DiscoveryRule" Enabled="true" Target="UINameSpaced7b0a2a516e24d5e8d3508b07d2a9a2f.Group" ConfirmDelivery="false" Remotable="true" Priority="Normal">
        <Category>Discovery</Category>
        <DiscoveryTypes>
          <DiscoveryRelationship TypeID="MicrosoftSystemCenterInstanceGroupLibrary6172210!Microsoft.SystemCenter.InstanceGroupContainsEntities" />
        </DiscoveryTypes>
        <DataSource ID="GroupPopulationDataSource" TypeID="SystemCenter!Microsoft.SystemCenter.GroupPopulator">
          <RuleId>$MPElement$</RuleId>
          <GroupInstanceId>$MPElement[Name="UINameSpaced7b0a2a516e24d5e8d3508b07d2a9a2f.Group"]$</GroupInstanceId>
          <MembershipRules>
            <MembershipRule Comment="EMPTY_RULE_8eadaced-59c8-4ebc-a4e4-b8428a374442">
              <MonitoringClass>$MPElement[Name="SystemCenter!Microsoft.SystemCenter.AllComputersGroup"]$</MonitoringClass>
              <RelationshipClass>$MPElement[Name="MicrosoftSystemCenterInstanceGroupLibrary6172210!Microsoft.SystemCenter.InstanceGroupContainsEntities"]$</RelationshipClass>
              <Expression>
                <SimpleExpression>
                  <ValueExpression>
                    <Value>True</Value>
                  </ValueExpression>
                  <Operator>Equal</Operator>
                  <ValueExpression>
                    <Value>False</Value>
                  </ValueExpression>
                </SimpleExpression>
              </Expression>
            </MembershipRule>
          </MembershipRules>
        </DataSource>
      </Discovery>
    </Discoveries>
    <Overrides>
      <DiscoveryPropertyOverride ID="OverrideForDiscoveryIBMMQServerDiscoveryForContextUINameSpacedabc00dbbf714070acbad6dc15159f00Group9303dff1741b46a394f45d4ba3c27f61" Context="UINameSpacedabc00dbbf714070acbad6dc15159f00.Group" ContextInstance="63c0360e-2b9c-4c82-4853-110fd53f0d2d" Enforced="false" Discovery="MQ!IBM.MQ.Server.Discovery" Property="Enabled">
        <Value>true</Value>
      </DiscoveryPropertyOverride>
      <MonitorPropertyOverride ID="OverrideForMonitorIBMMQChanneStatusMonitorForContextUINameSpaced7b0a2a516e24d5e8d3508b07d2a9a2fGroupb81b86a093684fe993c728a31a8c6bb6" Context="UINameSpaced7b0a2a516e24d5e8d3508b07d2a9a2f.Group" ContextInstance="594e082d-6ba7-b99a-ee1e-b67b5cd4fa9a" Enforced="false" Monitor="MQ!IBM.MQ.ChanneStatusMonitor" Property="Enabled">
        <Value>true</Value>
      </MonitorPropertyOverride>
      <MonitorPropertyOverride ID="OverrideForMonitorIBMMQListenerStatusMonitorForContextUINameSpacef08b3242cf8c4593acbae05870fe9a8aGroup418055932e2c4d91bab5bfa9f88c9893" Context="UINameSpacef08b3242cf8c4593acbae05870fe9a8a.Group" ContextInstance="494c885d-6d94-ad97-f8f9-0e531d51e9c4" Enforced="false" Monitor="MQ!IBM.MQ.ListenerStatusMonitor" Property="Enabled">
        <Value>true</Value>
      </MonitorPropertyOverride>
      <MonitorPropertyOverride ID="OverrideForMonitorIBMMQQueueCurrentDepthMonitorForContextUINameSpace87faa406aa1c497c92b1b42c73822719Groupc39893d5ba3d45e5aed501aa784562b4" Context="UINameSpace87faa406aa1c497c92b1b42c73822719.Group" ContextInstance="62a4153e-2eef-178f-dd7f-1b9de13a330c" Enforced="false" Monitor="MQ!IBM.MQ.QueueCurrentDepthMonitor" Property="Enabled">
        <Value>true</Value>
      </MonitorPropertyOverride>
      <MonitorPropertyOverride ID="OverrideForMonitorIBMMQQueueIPPROCSMonitorForContextUINameSpace87faa406aa1c497c92b1b42c73822719Groupa1a668167f594f97bad12f54ecf8c3b4" Context="UINameSpace87faa406aa1c497c92b1b42c73822719.Group" ContextInstance="62a4153e-2eef-178f-dd7f-1b9de13a330c" Enforced="false" Monitor="MQ!IBM.MQ.Queue.IPPROCS.Monitor" Property="Enabled">
        <Value>true</Value>
      </MonitorPropertyOverride>
      <RulePropertyOverride ID="OverrideForRuleIBMMQListenerSessionsCollectionForContextUINameSpacef08b3242cf8c4593acbae05870fe9a8aGroupa1187f004cf648579c8fe30a876930d7" Context="UINameSpacef08b3242cf8c4593acbae05870fe9a8a.Group" ContextInstance="494c885d-6d94-ad97-f8f9-0e531d51e9c4" Enforced="false" Rule="MQ!IBM.MQ.ListenerSessionsCollection" Property="Enabled">
        <Value>true</Value>
      </RulePropertyOverride>
      <RulePropertyOverride ID="OverrideForRuleIBMMQQueueCollectIPPROCSForContextUINameSpace87faa406aa1c497c92b1b42c73822719Group3dc1ae80b7dc4162b46ce15b6eb5eb64" Context="UINameSpace87faa406aa1c497c92b1b42c73822719.Group" ContextInstance="62a4153e-2eef-178f-dd7f-1b9de13a330c" Enforced="false" Rule="MQ!IBM.MQ.Queue.CollectIPPROCS" Property="Enabled">
        <Value>true</Value>
      </RulePropertyOverride>
      <RulePropertyOverride ID="OverrideForRuleIBMMQQueueCollectOPPROCSForContextUINameSpace87faa406aa1c497c92b1b42c73822719Group5bf358bed8a849a0a919791909a4df1a" Context="UINameSpace87faa406aa1c497c92b1b42c73822719.Group" ContextInstance="62a4153e-2eef-178f-dd7f-1b9de13a330c" Enforced="false" Rule="MQ!IBM.MQ.Queue.CollectOPPROCS" Property="Enabled">
        <Value>true</Value>
      </RulePropertyOverride>
      <RulePropertyOverride ID="OverrideForRuleIBMMQQueueCURDEPTHForContextUINameSpace87faa406aa1c497c92b1b42c73822719Groupd3714300f9a84dc687a93a5da1f90acd" Context="UINameSpace87faa406aa1c497c92b1b42c73822719.Group" ContextInstance="62a4153e-2eef-178f-dd7f-1b9de13a330c" Enforced="false" Rule="MQ!IBM.MQ.Queue.CURDEPTH" Property="Enabled">
        <Value>true</Value>
      </RulePropertyOverride>
    </Overrides>
  </Monitoring>
  <LanguagePacks>
    <LanguagePack ID="ENU" IsDefault="false">
      <DisplayStrings>
        <DisplayString ElementID="IBMMQOverrides">
          <Name>IBM.MQ.Overrides</Name>
        </DisplayString>
        <DisplayString ElementID="UINameSpacedabc00dbbf714070acbad6dc15159f00.Group">
          <Name>IBM MQ - Servers</Name>
          <Description>Servers in this Group will be discovered againest IBM MQ Services</Description>
        </DisplayString>
        <DisplayString ElementID="UINameSpacedabc00dbbf714070acbad6dc15159f00.Group.DiscoveryRule">
          <Name>Populate IBM MQ Servers</Name>
          <Description>This discovery rule populates the group 'IBM MQ Servers'</Description>
        </DisplayString>
        <DisplayString ElementID="UINameSpace87faa406aa1c497c92b1b42c73822719.Group">
          <Name>IBM MQ - Queue Monitoring - Enabled</Name>
          <Description>IBM Queues Inside this group will be monitored</Description>
        </DisplayString>
        <DisplayString ElementID="UINameSpace87faa406aa1c497c92b1b42c73822719.Group.DiscoveryRule">
          <Name>Populate IBM Queues Monitoring - Enabled</Name>
          <Description>This discovery rule populates the group 'IBM Queues Monitoring - Enabled'</Description>
        </DisplayString>
        <DisplayString ElementID="UINameSpacef08b3242cf8c4593acbae05870fe9a8a.Group">
          <Name>IBM MQ - Listener Monitoring - Enabled</Name>
          <Description>IBM MQ Listeners inside this group will be monitored</Description>
        </DisplayString>
        <DisplayString ElementID="UINameSpacef08b3242cf8c4593acbae05870fe9a8a.Group.DiscoveryRule">
          <Name>Populate IBM MQ - Listener Monitoring - Enabled</Name>
          <Description>This discovery rule populates the group 'IBM MQ - Listener Monitoring - Enabled'</Description>
        </DisplayString>
        <DisplayString ElementID="UINameSpaced7b0a2a516e24d5e8d3508b07d2a9a2f.Group">
          <Name>IBM MQ - Channel Monitoring - Enabled</Name>
          <Description>IBM MQ Channels inside this group will be monitored.</Description>
        </DisplayString>
        <DisplayString ElementID="UINameSpaced7b0a2a516e24d5e8d3508b07d2a9a2f.Group.DiscoveryRule">
          <Name>Populate IBM MQ - Channel Monitoring - Enabled</Name>
          <Description>This discovery rule populates the group 'IBM MQ - Channel Monitoring - Enabled'</Description>
        </DisplayString>
      </DisplayStrings>
    </LanguagePack>
  </LanguagePacks>
</ManagementPack>